<?xml version='1.0' encoding='utf-8'?>

<!DOCTYPE hibernate-configuration PUBLIC
        "-//Hibernate/Hibernate Configuration DTD 3.0//EN"
        "http://hibernate.sourceforge.net/hibernate-configuration-3.0.dtd">
<hibernate-configuration>
    <session-factory>
        <property name="hibernate.dialect">org.hibernate.dialect.MySQLInnoDBDialect</property>
        <property name="hibernate.connection.driver_class">com.mysql.jdbc.Driver</property>
        <property name="hibernate.connection.url">jdbc:mysql://localhost:3306/eguide?useTimezone=true&amp;serverTimezone=UTC</property>
        <property name="hibernate.connection.username">root</property>
        <property name="hibernate.connection.password">root</property>
        <property name="hibernate.hbm2ddl.auto">update</property>
        <property name="current_session_context_class">thread</property>
        
        <property name="show_sql">true</property>
      
        <mapping class="br.com.eguide.usuario.Usuario"/>
        <mapping class="br.com.eguide.idioma.Idioma"/>
        <mapping class="br.com.eguide.livro.Livro"/>
        <mapping class="br.com.eguide.origem.Origem"/>
        <mapping class="br.com.eguide.autor.Autor"/>
        <mapping class="br.com.eguide.subgenero.Subgenero"/>
        <mapping class="br.com.eguide.editora.Editora"/>
        <mapping class="br.com.eguide.genero.Genero"/>
        <mapping class="br.com.eguide.nivelAcesso.NivelAcesso"/>
    </session-factory>
</hibernate-configuration>
