<persistence-unit name="seminario">
  
 <provider>org.hibernate.ejb.HibernatePersistence</provider>

 <class>br.com.caelum.tarefas.modelo.Tarefa</class>

 <properties>
  <property name="javax.persistence.jdbc.driver"
      value="com.mysql.jdbc.Driver" />
  
  <property name="javax.persistence.jdbc.url" 
      value="jdbc:mysql://localhost:3306/tarefa?zeroDateTimeBehavior=convertToNull" />
  
  <property name="javax.persistence.jdbc.user" value="root" />
  <property name="javax.persistence.jdbc.password" value="root" />

  <property name="hibernate.dialect" 
      value="org.hibernate.dialect.MySQLDialect" />
  
  <property name="hibernate.show_sql" value="true" />
  <property name="hibernate.format_sql" value="true" />
  <property name="hibernate.hbm2ddl.auto" value="update" />
  
 </properties>
</persistence-unit>